Template_ID,File_Name,Right_Eye_X,Right_Eye_Y,Left_Eye_X,Left_Eye_Y,Nose_Base_X,Nose_Base_Y
0,img/S001-01-t10_01.jpg,169.934,300.49,279.459,300.536,224.088,365.565
0,img/S001-02-t10_01.jpg,197.077,198.837,305.699,209.573,243.484,260.389
0,img/S001-03-t10_01.jpg,125.647,273.005,251.545,271.958,189.522,348.38
0,img/S001-04-t10_01.jpg,192.684,252.087,286.604,257.091,235.134,309.492
0,img/S001-05-t10_01.jpg,176.9,248.278,259.546,245.395,205.068,300.356
0,img/S001-06-t10_01.jpg,202.752,287.422,322.686,285.622,266.962,359.154
0,img/S001-07-t10_01.jpg,221.252,278.676,347.556,275.36,283.311,355.517
0,img/S001-08-t10_01.jpg,163.734,242.98,268.32,242.677,212.196,311.729
0,img/S001-08-t10_02.jpg,,,,,,
0,img/S001-08-t10_03.jpg,,,,,,
0,img/S001-09-t10_01.jpg,198.798,259.3,291.719,267.327,237.108,318.691
1,img/S002-01-t10_01.jpg,191.143,267.879,284.649,273.043,235.962,323.385
2,img/S003-01-t10_01.jpg,152.025,314.518,288.022,325.367,214.572,397.265
3,img/S004-01-t10_01.jpg,200.769,274.851,301.247,269.961,254.626,337.9
4,img/S005-01-t10_01.jpg,189.247,259.926,284.996,265.933,233.339,314.686
5,img/S006-01-t10_01.jpg,201.892,263.327,302.77,270.943,248.163,316.86
5,img/S006-02-t10_01.jpg,205.676,253.593,278.325,268.436,235.534,299.264
5,img/S006-03-t10_01.jpg,182.794,252.102,304.236,265.506,238.058,319.838
6,img/S007-01-t10_01.jpg,163.357,289.568,258.353,275.833,220.103,342.235
7,img/S008-01-t10_01.jpg,203.498,278.562,331.527,279.558,268.45,353.123
7,img/S008-02-t10_01.jpg,146.33,265.841,270.638,235.606,222.864,324.988
7,img/S008-03-t10_01.jpg,181.41,307.91,279.476,314.108,223.84,372.161
7,img/S008-04-t10_01.jpg,166.688,299.745,281.515,286.967,229.173,370.64
7,img/S008-05-t10_01.jpg,221.538,488.738,411.68,486.428,313.321,622.567
7,img/S008-06-t10_01.jpg,164.244,289.839,287.117,287.518,224.441,360.054
7,img/S008-07-t10_01.jpg,117.775,305.05,237.784,276.178,178.481,377.686
8,img/S009-01-t10_01.jpg,169.63,256.106,272.597,260.922,219.43,324.196
9,img/S010-01-t10_01.jpg,210.168,195.759,315.998,205.395,254.059,263.401
10,img/S011-01-t10_01.jpg,95.081,110.367,141.193,104.38,122.787,136.379
11,img/S012-01-t10_01.jpg,151.764,301.453,248.007,301.813,195.957,360.651
12,img/S013-01-t10_01.jpg,72.632,109.297,136.829,117.206,104.312,161.181
12,img/S013-02-t10_01.jpg,380.836,415.178,530.97,430.898,459.356,544.399
13,img/S014-01-t10_01.jpg,114.184,278.176,211.37,276.426,156.948,352.527
14,img/S015-01-t10_01.jpg,206.571,193.875,311.967,195.687,250.053,251.433
14,img/S015-02-t10_01.jpg,116.674,181.545,194.062,182.608,144.11,248.086
14,img/S015-03-t10_01.jpg,142.669,182.589,208.954,200.441,161.587,233.251
15,img/S016-01-t10_01.jpg,144.842,317.475,309.057,328.165,224.096,425.216
16,img/S017-01-t10_01.jpg,92.194,91.7176,145.119,91.7087,116.197,126.038
17,img/S018-01-t10_01.jpg,126.636,166.01,177.298,161.946,153.544,192.392
18,img/S019-01-t10_01.jpg,136.254,187.498,240.599,191.578,184.486,253.203
19,img/S020-01-t10_01.jpg,148.558,209.48,242.291,214.688,191.313,261.675
20,img/S021-01-t10_01.jpg,374.07,486.186,543.726,518.437,445.535,601.369
21,img/S022-01-t10_01.jpg,102.117,129.868,134.768,130.855,121.99,156.976
21,img/S022-02-t10_01.jpg,101.373,96.2305,148.684,107.309,121.034,130.903
22,img/S023-01-t10_01.jpg,167.803,277.199,298.795,271.941,233.295,342.277
22,img/S023-02-t10_01.jpg,153.651,217.298,269.147,214.908,214.469,279.502
22,img/S023-03-t10_01.jpg,163.708,223.092,271.195,257.037,197.196,289.544
22,img/S023-04-t10_01.jpg,119.094,293.324,298.101,294.846,209.032,385.59
23,img/S024-01-t10_01.jpg,200.735,260.97,302.029,256.153,254.26,322.475
24,img/S025-01-t10_01.jpg,175.904,259.4,290.911,257.481,230.585,318.463
25,img/S026-01-t10_01.jpg,208.321,236.877,287.022,231.173,251.674,275.366
26,img/S027-01-t10_01.jpg,398.7,398.318,488.42,393.046,457.71,453.144
26,img/S027-01-t10_02.jpg,,,,,,
26,img/S027-01-t10_03.jpg,,,,,,
27,img/S028-01-t10_01.jpg,253.787,345.433,411.55,343.597,356.767,476.477
28,img/S029-01-t10_01.jpg,145.086,209.387,243.805,203.597,195.414,261.233
28,img/S029-02-t10_01.jpg,165.307,169.281,233.093,170.254,202.973,204.057
28,img/S029-03-t10_01.jpg,244.01,249.413,350.113,239.959,300.945,305.972
29,img/S030-01-t10_01.jpg,184.389,274.003,319.32,282.353,245.765,351.582
29,img/S030-02-t10_01.jpg,190.607,239.574,297.364,244.76,240.451,297.749
29,img/S030-03-t10_01.jpg,184.779,219.325,314.427,224.993,237.705,284.464
29,img/S030-04-t10_01.jpg,224.869,233.647,329.804,243.935,273.984,295.132
29,img/S030-05-t10_01.jpg,153.321,244.691,267.458,251.274,193.01,311.649
30,img/S031-01-t10_01.jpg,183.237,286.322,317.952,286.853,242.858,369.916
30,img/S031-02-t10_01.jpg,90.8332,275.609,200.445,266.585,133.932,351.91
30,img/S031-03-t10_01.jpg,190.846,289.492,299.622,296.395,234.479,364.854
30,img/S031-04-t10_01.jpg,156.197,295.982,278.669,290.624,201.108,375.675
30,img/S031-05-t10_01.jpg,191.919,311.275,303.879,305.849,230.628,381.371
30,img/S031-06-t10_01.jpg,187.234,323.285,316.395,322.655,243.985,406.736
31,img/S032-01-t10_01.jpg,117.54,260.46,190.46,252.993,151.739,294.842
31,img/S032-02-t10_01.jpg,106.943,228.101,214.575,223.461,163.06,281.588
31,img/S032-03-t10_01.jpg,,,,,,
32,img/S033-01-t10_01.jpg,172.667,244.057,278.754,248.871,232.622,332.784
32,img/S033-02-t10_01.jpg,132.981,216.145,240.475,209.666,191.593,279.707
32,img/S033-03-t10_01.jpg,138.869,213.984,253.035,222.241,189.844,289.009
32,img/S033-04-t10_01.jpg,155.443,147.085,245.847,156.452,195.927,205.968
32,img/S033-05-t10_01.jpg,102.013,174.914,182.362,164.837,136.004,234.326
32,img/S033-06-t10_01.jpg,171.329,245.421,258.609,234.168,225.973,290.098
32,img/S033-07-t10_01.jpg,100.262,258.984,196.998,246.62,154.28,316.508
33,img/S034-01-t10_01.jpg,222.883,231.779,325.397,226.944,272.788,288.446
34,img/S035-01-t10_01.jpg,150.151,176.452,257.409,195.123,193.165,244.2
35,img/S036-01-t10_01.jpg,183.632,216.845,291.106,225.361,232.752,293.766
35,img/S036-02-t10_01.jpg,126.351,195.975,225.512,192.126,172.96,255.755
35,img/S036-03-t10_01.jpg,131.52,221.49,232.999,226.083,175.187,276.978
36,img/S037-01-t10_01.jpg,155.543,199.579,295.416,212.303,211.52,291.817
37,img/S038-01-t10_01.jpg,122.055,283.849,294.3,298.945,197.926,377.357
38,img/S039-01-t10_01.jpg,96.9967,65.3944,134.13,63.5764,116.576,83.6844
39,img/S040-01-t10_01.jpg,136.543,193.691,238.553,198.129,186.667,250.587
40,img/S041-01-t10_01.jpg,204.97,290.701,294.715,291.403,252.383,346.43
41,img/S042-01-t10_01.jpg,839.545,549.255,1120.03,548.597,969.658,714.302
42,img/S043-01-t10_01.jpg,,,,,,
43,img/S044-01-t10_01.jpg,211.144,266.322,309.299,274.1,254.902,349.346
43,img/S044-02-t10_01.jpg,173.111,276.942,262.263,270.744,212.674,329.763
43,img/S044-03-t10_01.jpg,162.888,252.637,263.373,253.85,210.113,327.998
43,img/S044-04-t10_01.jpg,197.038,259.389,329.153,257.36,259.042,343.05
43,img/S044-05-t10_01.jpg,207.106,288.966,292.821,275.713,243.145,346.271
43,img/S044-06-t10_01.jpg,183.82,251.247,289.603,251.897,235.941,308.412
43,img/S044-07-t10_01.jpg,188.617,284.905,275.131,274.39,229.797,350.591
43,img/S044-08-t10_01.jpg,179.857,267.103,282.912,256.81,233.282,329.87
43,img/S044-09-t10_01.jpg,180.237,268.448,279.676,265.53,223.469,325.174
44,img/S045-01-t10_01.jpg,233.08,289.304,324.117,290.975,291.609,355.389
44,img/S045-01-t10_02.jpg,,,,,,
45,img/S046-01-t10_01.jpg,124.775,218.79,237.692,217.911,176.484,288.497
45,img/S046-02-t10_01.jpg,93.8247,212.84,199.153,218.338,135.857,257.251
46,img/S047-01-t10_01.jpg,176.678,213.456,277.256,215.977,225.512,275.073
47,img/S048-01-t10_01.jpg,109.987,223.469,219.143,210.072,167.01,291.679
47,img/S048-02-t10_01.jpg,157.161,273.971,257.018,268.43,212.591,335.296
47,img/S048-03-t10_01.jpg,138.424,244.205,228.855,245.129,180.403,302.569
47,img/S048-04-t10_01.jpg,128.319,239.158,228.429,235.682,174.708,306.05
47,img/S048-05-t10_01.jpg,175.096,211.39,274.873,204.713,223.908,273.897
47,img/S048-06-t10_01.jpg,140.684,232.811,221.877,222.467,184.904,280.806
47,img/S048-07-t10_01.jpg,113.175,213.367,210.823,208.594,161.097,273.214
48,img/S049-01-t10_01.jpg,133.625,198.74,239.466,185.977,188.351,253.169
49,img/S050-01-t10_01.jpg,83.7956,102.978,139.298,97.6526,115.326,131.517
50,img/S051-01-t10_01.jpg,55.6191,80.4943,132.484,87.8536,92.3915,137.259
50,img/S051-02-t10_01.jpg,91.3325,69.8281,129.556,74.6758,108.29,96.4431
51,img/S052-01-t10_01.jpg,155.688,159.523,265.711,172.613,205.01,240.249
51,img/S052-02-t10_01.jpg,145.247,254.796,256.08,261.315,191.949,327.122
51,img/S052-03-t10_01.jpg,99.7649,264.144,207.641,263.474,147.086,334.723
52,img/S053-01-t10_01.jpg,307.635,414.529,474.395,415.293,390.668,516.484
53,img/S054-01-t10_01.jpg,215.357,273.627,327.377,264.872,273.969,328.157
53,img/S054-02-t10_01.jpg,214.404,248.394,309.577,255.957,258.652,308.139
53,img/S054-03-t10_01.jpg,194.434,260.59,279.685,250.202,241.046,310.906
54,img/S055-01-t10_01.jpg,184.557,283.298,286.171,279.108,238.897,343.027
55,img/S056-01-t10_01.jpg,172.278,262.564,285.578,262.396,216.469,342.867
56,img/S057-01-t10_01.jpg,130.15,192.159,239.199,193.681,187.866,262.066
57,img/S058-01-t10_01.jpg,154.896,288.161,291.743,297.543,210.499,380.856
57,img/S058-02-t10_01.jpg,208.763,262.577,314.454,259.9,266.515,331.595
57,img/S058-03-t10_01.jpg,169.114,241.704,272.479,239.843,221.709,306.281
58,img/S059-01-t10_01.jpg,336.888,484.827,516.795,489.121,434.482,620.289
58,img/S059-01-t10_02.jpg,,,,,,
59,img/S060-01-t10_01.jpg,194.668,279.317,310.573,297.457,250.495,337.053
60,img/S061-01-t10_01.jpg,355.107,567.89,511.24,547.133,454.15,661.742
61,img/S062-01-t10_01.jpg,179.788,290.833,279.704,296.16,226.797,356.811
62,img/S063-01-t10_01.jpg,139.183,237.626,232.515,241.338,180.475,294.191
63,img/S064-01-t10_01.jpg,99.3245,99.102,147.764,92.9885,124.278,118.511
63,img/S064-02-t10_01.jpg,349.737,318.796,484.601,337.125,406.297,402.336
64,img/S065-01-t10_01.jpg,255.573,355.595,327.128,364.687,292.519,411.973
64,img/S065-02-t10_01.jpg,236.274,231.258,329.101,242.589,280.465,283.716
65,img/S066-01-t10_01.jpg,117.937,238.165,236.097,233.319,182.161,301.002
66,img/S067-01-t10_01.jpg,249.327,496.4,490.425,484.127,362.323,644.024
67,img/S068-01-t10_01.jpg,176.777,229.678,282.93,243.657,223.455,306.74
67,img/S068-02-t10_01.jpg,177.069,228.775,282.998,231.711,232.5,302.977
67,img/S068-03-t10_01.jpg,200.618,261.135,344.591,266.993,286.298,369.553
67,img/S068-04-t10_01.jpg,98.4473,300.292,188.904,293.268,143.219,376.454
67,img/S068-05-t10_01.jpg,182.321,219.461,284.06,229.775,227.699,293.846
67,img/S068-06-t10_01.jpg,162.427,293.639,286.956,300.571,228.402,376.996
67,img/S068-07-t10_01.jpg,200.631,261.298,301.386,265.176,250.811,332.295
68,img/S069-01-t10_01.jpg,50.4579,69.7923,87.8922,72.664,70.4703,94.9345
68,img/S069-02-t10_01.jpg,81.7689,84.0846,110.718,84.2248,96.1605,101.696
69,img/S070-01-t10_01.jpg,135.295,196.363,237.79,198.625,180.512,263.662
70,img/S071-01-t10_01.jpg,121.562,288.242,250.695,285.545,186.915,366.351
71,img/S072-01-t10_01.jpg,121.027,216.744,234.04,219.735,165.555,285.388
72,img/S073-01-t10_01.jpg,79.221,293.265,189.472,281.821,144.013,375.014
72,img/S073-01-t10_02.jpg,80.126,271.156,171.103,307.332,78.7796,387.065
73,img/S074-01-t10_01.jpg,142.156,218.557,255.514,219.911,205.888,293.989
74,img/S075-01-t10_01.jpg,122.92,273.723,206.291,274.836,149.164,339.589
75,img/S076-01-t10_01.jpg,214.391,196.761,325.921,220.671,259.02,274.696
75,img/S076-02-t10_01.jpg,188.929,247.81,285.319,254.516,237.949,307.827
76,img/S077-01-t10_01.jpg,75.2337,91.7922,122.531,85.326,101.679,113.839
77,img/S078-01-t10_01.jpg,202.627,309.794,300.01,305.296,257.915,374.164
77,img/S078-02-t10_01.jpg,402.819,527.981,535.946,503.748,495.53,606.674
77,img/S078-02-t10_02.jpg,,,,,,
77,img/S078-03-t10_01.jpg,221.685,280.479,278.375,276.211,250.663,321.774
77,img/S078-04-t10_01.jpg,193.971,281.4,278.961,273.113,242.103,331.985
78,img/S079-01-t10_01.jpg,170.44,263.548,280.969,262.527,224.072,345.211
79,img/S080-01-t10_01.jpg,181.787,184.723,254.413,187.41,211.948,223.823
80,img/S081-01-t10_01.jpg,312.267,329.97,536.382,343.815,424.157,474.201
81,img/S082-01-t10_01.jpg,193.892,296.334,289.408,288.48,242.912,343.419
82,img/S083-01-t10_01.jpg,228.804,224.68,310.292,234.775,267.989,272.845
83,img/S084-01-t10_01.jpg,199.677,276.623,269.052,279.997,232.674,319.352
84,img/S085-01-t10_01.jpg,433.364,372.966,547.795,379.277,484.305,496.045
84,img/S085-01-t10_02.jpg,,,,,,
84,img/S085-01-t10_03.jpg,325.768,574.136,516.66,589.996,408.608,744.37
85,img/S086-01-t10_01.jpg,119.523,138.257,155.226,135.478,139.265,160.356
86,img/S087-01-t10_01.jpg,162.575,304.097,285.262,310.295,216.856,386.487
87,img/S088-01-t10_01.jpg,136.267,244.903,245.581,244.099,182.615,326.767
87,img/S088-02-t10_01.jpg,215.834,266.392,310.489,259.128,267.364,324.679
88,img/S089-01-t10_01.jpg,196.57,295.587,343.557,295.41,270.727,385.583
89,img/S090-01-t10_01.jpg,154.455,247.189,286.571,248.681,222.794,324.28
90,img/S091-01-t10_01.jpg,45.1797,87.7242,94.9973,94.775,57.1564,126.177
91,img/S092-01-t10_01.jpg,136.972,292.422,259.719,296.404,193.34,375.487
92,img/S093-01-t10_01.jpg,228.23,360.292,541.049,352.652,394.835,553.158
92,img/S093-02-t10_01.jpg,336.968,229.719,482.524,242.265,407.281,322.296
93,img/S094-01-t10_01.jpg,132.519,213.234,255.458,209.561,190.627,271.178
94,img/S095-01-t10_01.jpg,153.081,289.622,267.901,288.677,208.779,351.851
94,img/S095-02-t10_01.jpg,204.506,277.293,317.138,285.332,260.047,345.35
95,img/S096-01-t10_01.jpg,125.904,208.863,231.467,212.724,180.841,263.441
95,img/S096-02-t10_01.jpg,200.252,287.34,310.217,282.659,255.939,347.077
96,img/S097-01-t10_01.jpg,172.825,272.082,300.347,273.117,234.254,352.635
97,img/S098-01-t10_01.jpg,188.687,274.903,293.038,275.524,239.773,339.005
97,img/S098-02-t10_01.jpg,201.666,271.855,312.534,292.43,254.224,337.265
98,img/S099-01-t10_01.jpg,185.799,318.797,271.664,313.93,231.377,378.898
98,img/S099-02-t10_01.jpg,178.843,283.868,302.295,280.296,240.623,372.377
98,img/S099-03-t10_01.jpg,170.633,280.977,291.572,280.437,233.051,366.48
99,img/S100-01-t10_01.jpg,189.304,219.343,299.974,237.296,233.145,298.113
100,img/S101-01-t10_01.jpg,179.882,266.652,290.132,275.039,231.534,342.056
100,img/S101-02-t10_01.jpg,133.644,209.802,243.537,210.119,189.306,277.393
101,img/S102-01-t10_01.jpg,391.52,514.495,526.497,522.02,456.597,608.805
101,img/S102-02-t10_01.jpg,391.474,514.229,526.13,522.074,456.563,609.32
102,img/S103-01-t10_01.jpg,168.76,202.433,273.441,230.526,211.547,269.47
103,img/S104-01-t10_01.jpg,122.172,353.48,237.817,346.037,172.106,408.187
104,img/S105-01-t10_01.jpg,150.804,318.008,278.103,311.887,219.684,407.432
105,img/S106-01-t10_01.jpg,197.017,296.438,309.098,297.71,252.976,366.388
106,img/S107-01-t10_01.jpg,190.813,258.228,300.579,252.602,251.562,332.384
107,img/S108-01-t10_01.jpg,228.778,255.821,314.509,262.309,275.782,339.608
107,img/S108-02-t10_01.jpg,166.142,256.16,273.296,259.864,216.397,348.282
107,img/S108-03-t10_01.jpg,172.161,216.533,277.362,216.315,222.104,294.297
107,img/S108-04-t10_01.jpg,212.859,243.95,313.927,241.912,262.582,317.252
108,img/S109-01-t10_01.jpg,100.16,177.907,180.79,158.372,156.497,224.003
109,img/S110-01-t10_01.jpg,185.461,245.637,297.516,243.449,243.52,311.068
110,img/S111-01-t10_01.jpg,104.094,225.482,202.442,219.298,148.805,288.258
110,img/S111-02-t10_01.jpg,177.463,298.586,290.413,301.337,222.522,376.841
110,img/S111-03-t10_01.jpg,182.125,309.42,349.37,316.863,267.777,418.143
110,img/S111-04-t10_01.jpg,187.304,208.857,281.678,212.932,231.4,272.027
110,img/S111-05-t10_01.jpg,117.734,120.594,170.144,115.574,145.229,156.924
111,img/S112-01-t10_01.jpg,151.387,242.455,249.503,231.242,186.544,306.366
111,img/S112-02-t10_01.jpg,151.399,228.666,274.721,231.838,209.796,300.507
112,img/S113-01-t10_01.jpg,206.973,265.413,310.073,258.498,265.607,325.943
113,img/S114-01-t10_01.jpg,209.541,281.549,307.539,282.466,263.353,347.847
114,img/S115-01-t10_01.jpg,207.483,243.359,343.81,237.306,280.975,309.39
115,img/S116-01-t10_01.jpg,78.6482,92.7548,107.552,88.8296,97.2519,107.844
116,img/S117-01-t10_01.jpg,202.02,248.539,297.591,271.489,238.945,324.479
116,img/S117-02-t10_01.jpg,117.125,246.793,212.677,258.735,154.775,315.384
117,img/S118-01-t10_01.jpg,118.305,94.0369,169.683,95.2148,145.19,127.302
117,img/S118-02-t10_01.jpg,99.072,86.2282,150.275,102.522,118.037,124.523
117,img/S118-03-t10_01.jpg,133.344,86.0846,167.282,86.1786,149.837,106.684
118,img/S119-01-t10_01.jpg,198.722,263.543,300.938,263.022,250.979,322.128
119,img/S120-01-t10_01.jpg,302.406,438.853,433.565,446.627,363.295,529.084
119,img/S120-01-t10_02.jpg,,,,,,
120,img/S121-01-t10_01.jpg,157.291,267.343,269.006,266.899,214.854,331.879
121,img/S122-01-t10_01.jpg,510.797,451.727,769.399,441.969,643.982,601.302
122,img/S123-01-t10_01.jpg,193.4,259.657,284.859,248.064,247.422,319.428
123,img/S124-01-t10_01.jpg,212.09,267.272,317.373,284.038,266.232,340.43
123,img/S124-02-t10_01.jpg,178.779,277.295,284.555,278.827,230.577,338.935
124,img/S125-01-t10_01.jpg,239.44,246.905,337.337,241.166,290.861,309.341
125,img/S126-01-t10_01.jpg,150.7,180.986,262.324,184.991,202.444,238.009
126,img/S127-01-t10_01.jpg,625.75,403.883,844.68,398.948,737.472,513.1
127,img/S128-01-t10_01.jpg,130.148,103.693,177.203,97.7715,163.452,131.308
128,img/S129-01-t10_01.jpg,92.1152,107.259,128.315,107.511,112.04,126.954
129,img/S130-01-t10_01.jpg,141.919,196.57,231.744,174.777,199.626,257.492
129,img/S130-02-t10_01.jpg,189.799,230.804,278.977,238.223,228.366,304.583
130,img/S131-01-t10_01.jpg,,,,,,
131,img/S132-01-t10_01.jpg,346.041,506.379,548.075,474.885,459.313,631.44
131,img/S132-02-t10_01.jpg,352.585,515.791,565.028,480.384,478.281,644.173
132,img/S133-01-t10_01.jpg,127.176,218.551,229.421,212.598,177.215,274.704
132,img/S133-02-t10_01.jpg,135.369,215.607,246.987,215.114,189.349,290.924
132,img/S133-03-t10_01.jpg,165.454,229.499,258.556,240.361,205.259,293.04
133,img/S134-01-t10_01.jpg,197.293,235.444,299.431,237.951,246.464,302.287
133,img/S134-02-t10_01.jpg,220.044,260.909,317.052,260.856,269.039,318.763
133,img/S134-03-t10_01.jpg,181.568,283.946,271.341,284.435,225.037,340.671
133,img/S134-04-t10_01.jpg,184.968,218.835,280.376,222.362,231.954,281.149
133,img/S134-05-t10_01.jpg,171.611,313.499,279.582,316.957,221.649,381.772
133,img/S134-06-t10_01.jpg,195.245,335.164,300.519,331.862,246.469,398.688
133,img/S134-07-t10_01.jpg,179.936,251.241,301.553,260.197,237.161,333.104
133,img/S134-08-t10_01.jpg,180.829,409.674,284.055,411.671,231.771,476.523
134,img/S135-01-t10_01.jpg,155.178,228.018,259.708,243.079,206.204,317.494
135,img/S136-01-t10_01.jpg,147.467,232.291,236.159,228.776,194.059,290.978
136,img/S137-01-t10_01.jpg,163.418,280.19,288.57,277.75,223.106,355.589
137,img/S138-01-t10_01.jpg,468.483,431.67,579.397,430.701,523.951,507.308
137,img/S138-02-t10_01.jpg,339.843,336.511,429.173,330.609,385.537,390.522
138,img/S139-01-t10_01.jpg,212.62,291.018,283.813,288.36,254.103,343.382
139,img/S140-01-t10_01.jpg,97.0195,219.686,210.664,220.76,146.238,258.649
140,img/S141-01-t10_01.jpg,131.704,208.094,244.903,202.255,185.061,273.708
141,img/S142-01-t10_01.jpg,184.751,238.117,296.977,232.928,250.895,299.529
141,img/S142-02-t10_01.jpg,177.858,236.352,328.305,256.737,239.269,330.216
141,img/S142-03-t10_01.jpg,198.495,263.083,303.868,274.415,244.805,323.322
141,img/S142-04-t10_01.jpg,174.674,318.84,299.27,307.787,242.441,384.164
141,img/S142-05-t10_01.jpg,176.329,202.167,294.813,197.74,242.4,268.296
141,img/S142-06-t10_01.jpg,181.298,240.285,300.088,239.992,240.718,315.827
141,img/S142-07-t10_01.jpg,193.873,326.593,311.992,320.1,255.978,393.556
142,img/S143-01-t10_01.jpg,126.172,105.744,184.269,107.949,156.014,146.691
143,img/S144-01-t10_01.jpg,223.836,286.028,329.294,286.308,278.542,338.042
143,img/S144-02-t10_01.jpg,223.836,286.028,329.294,286.308,278.542,338.042
143,img/S144-03-t10_01.jpg,223.836,286.028,329.294,286.308,278.542,338.042
144,img/S145-01-t10_01.jpg,172.753,406.971,336.897,395.374,254.291,483.315
144,img/S145-01-t10_02.jpg,,,,,,
145,img/S146-01-t10_01.jpg,83.3265,84.2148,128.184,79.0955,108.578,107.738
145,img/S146-02-t10_01.jpg,90.6205,115.643,130.026,114.767,110.24,137.838
146,img/S147-01-t10_01.jpg,126.706,254.605,219.821,267.109,164.581,334.366
147,img/S148-01-t10_01.jpg,234.461,255.095,354.927,275.741,281.936,355.949
147,img/S148-02-t10_01.jpg,165.503,271.202,275.442,269.525,216.853,344.02
147,img/S148-03-t10_01.jpg,177.156,274.232,276.581,258.981,226.127,337.32
147,img/S148-04-t10_01.jpg,193.072,281.657,293.14,272.204,249.306,339.673
148,img/S149-01-t10_01.jpg,85.812,207.472,164.273,210.217,123.019,253.027
149,img/S150-01-t10_01.jpg,76.6061,96.0115,126.209,81.6696,104.837,128.505
149,img/S150-02-t10_01.jpg,86.7226,87.6084,132.511,87.6304,110.642,115.982
150,img/S151-01-t10_01.jpg,163.26,300.9,268.688,305.01,217.206,361.657
151,img/S152-01-t10_01.jpg,99.5751,104.674,156.366,104.285,130.5,141.833
152,img/S153-01-t10_01.jpg,217.853,273.552,333.187,264.115,277.111,321.863
152,img/S153-02-t10_01.jpg,140.921,248.669,256.639,249.469,197.611,318.094
153,img/S154-01-t10_01.jpg,354.218,367,541.884,390.206,439.546,486.304
154,img/S155-01-t10_01.jpg,120.821,211.884,195.435,201.758,157.159,242.849
155,img/S156-01-t10_01.jpg,582.986,357.9,736.946,326.238,671.92,428.903
156,img/S157-01-t10_01.jpg,175.018,269.962,289.755,274.657,229.788,341.403
157,img/S158-01-t10_01.jpg,160.09,282.747,240.137,287.032,192.402,336.333
158,img/S159-01-t10_01.jpg,202.326,286.13,276.293,285.26,241.255,329.535
159,img/S160-01-t10_01.jpg,141.107,201.113,288.137,198.186,218.364,293.307
160,img/S161-01-t10_01.jpg,88.2261,70.5544,115.602,69.9647,103.456,87.6848
161,img/S162-01-t10_01.jpg,55.7663,115.318,118.938,122.605,82.8739,155.342
162,img/S163-01-t10_01.jpg,190.634,232.864,305.478,236.364,251.113,310.428
162,img/S163-02-t10_01.jpg,145.261,321.569,292.731,312.615,220.59,410.141
163,img/S164-01-t10_01.jpg,97.8507,91.0533,146.191,93.4932,118.966,123.433
163,img/S164-02-t10_01.jpg,395.425,360.447,551.809,356.235,468.572,451.989
163,img/S164-02-t10_02.jpg,,,,,,
164,img/S165-01-t10_01.jpg,199.896,310.791,317.495,307.136,262.181,397.241
165,img/S166-01-t10_01.jpg,98.712,129.874,139.677,138.228,118.031,165.628
165,img/S166-02-t10_01.jpg,314.856,332.393,451.405,333.167,368.028,422.001
165,img/S166-02-t10_02.jpg,,,,,,
166,img/S167-01-t10_01.jpg,351.717,416.368,502.377,414.156,426.555,523.672
167,img/S168-01-t10_01.jpg,71.43,206.862,163.249,200.446,108.595,269.534
168,img/S169-01-t10_01.jpg,206.932,256.368,310.539,265.152,252.876,322.424
169,img/S170-01-t10_01.jpg,109.084,253.028,220.541,251.448,162.456,317.048
170,img/S171-01-t10_01.jpg,216.776,231.448,312.372,247.101,260.329,298.885
170,img/S171-02-t10_01.jpg,186.467,255.249,294.504,252.431,245.272,333.618
170,img/S171-03-t10_01.jpg,140.289,264.258,259.78,268.028,195.751,341.37
170,img/S171-04-t10_01.jpg,196.629,298.539,311.771,292.519,260.882,375.653
170,img/S171-05-t10_01.jpg,171.422,252.788,295.181,258.017,234.121,337.015
170,img/S171-06-t10_01.jpg,160.682,310.22,270.92,309.667,217.515,379.202
170,img/S171-07-t10_01.jpg,152.018,255.015,265.798,251.236,206.807,329.466
170,img/S171-08-t10_01.jpg,172.207,300.384,297.193,294.475,245.223,385.572
171,img/S172-01-t10_01.jpg,84.6831,129.681,143.495,125.026,116.416,171.493
172,img/S173-01-t10_01.jpg,340.789,478.779,530.086,468.531,442.676,589.888
172,img/S173-02-t10_01.jpg,323.876,390.926,462.265,386.632,397.753,466.158
173,img/S174-01-t10_01.jpg,232.032,283.523,328.77,283.001,278.502,344.637
173,img/S174-02-t10_01.jpg,255.238,240.385,359.932,244.632,318.866,293.89
173,img/S174-03-t10_01.jpg,188.116,327.463,312.923,323.649,252.824,406.26
173,img/S174-04-t10_01.jpg,191.389,274.678,288.846,273.807,240.707,333.659
173,img/S174-05-t10_01.jpg,224.907,321.893,293.053,319.839,260.4,365.184
174,img/S175-01-t10_01.jpg,149.419,220.775,221.896,221.082,179.544,261.996
175,img/S176-01-t10_01.jpg,123.255,237.086,219.278,237.171,165.457,298.745
176,img/S177-01-t10_01.jpg,206.24,300.155,288.269,292.8,256.343,346.433
177,img/S178-01-t10_01.jpg,146.677,95.3013,188.714,91.2823,169.134,117.871
178,img/S179-01-t10_01.jpg,212.757,210.337,313.298,218.771,263.809,270.322
179,img/S180-01-t10_01.jpg,1135.02,530.305,1309.92,517.118,1230.34,589.946
179,img/S180-01-t10_02.jpg,,,,,,
180,img/S181-01-t10_01.jpg,174.178,269.136,286.05,259.444,233.138,323.135
181,img/S182-01-t10_01.jpg,,,,,,
181,img/S182-02-t10_01.jpg,447.864,420.511,542.795,422.383,495.037,483.621
181,img/S182-02-t10_02.jpg,,,,,,
182,img/S183-01-t10_01.jpg,123,201.992,217.626,197.375,167.213,255.79
183,img/S184-01-t10_01.jpg,153.286,214.052,230.055,209.568,193.095,257.874
184,img/S185-01-t10_01.jpg,,,,,,
184,img/S185-02-t10_01.jpg,43.8784,98.4283,100.663,93.2613,74.7267,131.349
184,img/S185-03-t10_01.jpg,86.9904,85.0877,128.612,78.3046,110.974,111.755
184,img/S185-04-t10_01.jpg,81.5112,103.58,127.662,109.339,101.439,132.36
185,img/S186-01-t10_01.jpg,109.542,198.524,197.393,181.006,163.42,244.117
186,img/S187-01-t10_01.jpg,193.439,267.803,303.459,272.566,246.493,334.385
187,img/S188-01-t10_01.jpg,116.355,262.753,224.135,256.66,177.081,330.359
188,img/S189-01-t10_01.jpg,186.845,270.19,291.425,273.914,235.442,332.818
189,img/S190-01-t10_01.jpg,138.452,207.523,243.18,216.793,187.462,272.977
189,img/S190-02-t10_01.jpg,134.59,236.367,206.231,232.118,161.517,283.491
189,img/S190-03-t10_01.jpg,124.558,238.426,200.4,238.322,152.103,288.38
190,img/S191-01-t10_01.jpg,99.0786,233.299,202.315,235.991,145.769,306.51
190,img/S191-02-t10_01.jpg,148.549,250.996,257.443,247.965,201.744,328.689
191,img/S192-01-t10_01.jpg,213.89,157.784,295.586,152.773,255.045,217.379
192,img/S193-01-t10_01.jpg,208.307,274.72,294.187,256.727,255.74,313.535
192,img/S193-02-t10_01.jpg,184.377,342.366,302.549,338.828,248.665,408.124
193,img/S194-01-t10_01.jpg,132.961,247,254.234,244.32,191.654,318.361
193,img/S194-02-t10_01.jpg,133.444,215.335,216.938,210.902,177.568,257.875
194,img/S195-01-t10_01.jpg,137.316,214.727,228.293,222.317,173.722,271.804
194,img/S195-02-t10_01.jpg,137.375,221.517,243.7,222.221,186.73,277.028
194,img/S195-03-t10_01.jpg,124.162,257.412,222.817,259.734,168.833,321.341
194,img/S195-04-t10_01.jpg,157.9,223.728,263.435,223.493,209.783,291.205
195,img/S196-01-t10_01.jpg,458.206,417.925,593.862,418.34,530.875,513.094
196,img/S197-01-t10_01.jpg,159.202,212.052,241.312,208.292,188.043,272.661
197,img/S198-01-t10_01.jpg,193.996,274.784,302.01,271.999,251.071,336.966
197,img/S198-02-t10_01.jpg,202.569,268.329,293.041,273.45,246.547,328.257
197,img/S198-03-t10_01.jpg,175.529,256.929,288.13,270.752,223.492,340.039
197,img/S198-04-t10_01.jpg,198.257,284.757,289.322,291.198,240.527,344.221
197,img/S198-05-t10_01.jpg,198.551,265.142,288.992,268.909,245.391,321.018
198,img/S199-01-t10_01.jpg,155.538,267.644,273.185,269.697,212.069,337.705
198,img/S199-02-t10_01.jpg,176.859,265.079,291.479,270.847,230.66,336.874
199,img/S200-01-t10_01.jpg,,,,,,
200,img/S201-01-t10_01.jpg,127.501,237.908,242.357,227.847,172.809,305.473
200,img/S201-02-t10_01.jpg,208.018,297.043,320.593,298.792,267.199,360.925
200,img/S201-03-t10_01.jpg,171.642,243.716,295.026,244.849,229.095,306.439
201,img/S202-01-t10_01.jpg,179.375,294.741,276.501,273.45,229.476,334.44
201,img/S202-02-t10_01.jpg,183.232,264.741,284.537,258.412,233.75,313.59
201,img/S202-03-t10_01.jpg,176.345,320.001,303.323,325.478,237.988,397.162
201,img/S202-04-t10_01.jpg,170.579,253.945,265.518,263.686,211.226,310.556
202,img/S203-01-t10_01.jpg,369.897,455.09,496.919,453.907,434.24,522.227
202,img/S203-01-t10_02.jpg,,,,,,
202,img/S203-02-t10_01.jpg,75.9623,88.5834,102.661,88.545,90.0451,103.104
202,img/S203-03-t10_01.jpg,99.7037,84.2048,152.915,87.594,123.718,115.348
203,img/S204-01-t10_01.jpg,139.854,229.449,230.505,215.913,192.055,275.827
204,img/S205-01-t10_01.jpg,275.755,143.191,342.41,144.95,308.068,175.775
205,img/S206-01-t10_01.jpg,206.235,273.491,292.614,265.672,250.287,325.58
205,img/S206-02-t10_01.jpg,158.668,293.811,289.617,298.354,225.718,373.429
206,img/S207-01-t10_01.jpg,358.243,361.703,503.662,359.718,434.649,425.344
207,img/S208-01-t10_01.jpg,180.586,282.876,274.862,278.417,233.515,347.004
208,img/S209-01-t10_01.jpg,120.609,213.409,225.295,209.208,171.348,272.43
209,img/S210-01-t10_01.jpg,148.944,218.709,228.149,227.083,182.855,285.237
210,img/S211-01-t10_01.jpg,233.674,471.638,496.934,498.753,332.928,648.961
211,img/S212-01-t10_01.jpg,174.194,309.415,274.862,301.704,225.346,362.573
211,img/S212-02-t10_01.jpg,170.598,278.758,251.397,285.146,210.15,324.94
211,img/S212-03-t10_01.jpg,243.063,220.348,344.624,227.223,292.999,283.378
212,img/S213-01-t10_01.jpg,188.03,238.407,330.686,239.07,266.525,325.86
213,img/S214-01-t10_01.jpg,199.013,197.089,325.064,198.279,253.051,265.843
213,img/S214-02-t10_01.jpg,165.415,220.067,275.998,226.166,210.578,286.652
213,img/S214-03-t10_01.jpg,181.146,275.911,284.683,299.693,221.323,346.504
213,img/S214-04-t10_01.jpg,167.102,224.79,260.816,225.441,203.218,273.243
214,img/S215-01-t10_01.jpg,127.709,173.133,234.11,158.713,188.845,229.561
214,img/S215-02-t10_01.jpg,168.777,248.38,290.771,257.55,234.733,322.935
214,img/S215-03-t10_01.jpg,170.126,221.296,299.564,238.343,234.367,302.533
214,img/S215-04-t10_01.jpg,139.617,256.032,277.511,260.663,209.699,340.367
215,img/S216-01-t10_01.jpg,91.1391,240.196,205.096,238.297,143.939,315.422
216,img/S217-01-t10_01.jpg,183.303,255.514,289.509,260.671,232.699,329.703
217,img/S218-01-t10_01.jpg,143.55,132.594,225.653,161.92,179.15,191.605
218,img/S219-01-t10_01.jpg,156.88,263.872,284.735,287.825,193.476,347.447
218,img/S219-02-t10_01.jpg,145.288,223.995,249.914,240.534,194.248,295.197
218,img/S219-03-t10_01.jpg,132.081,215.649,243.551,234.697,173.811,293.432
219,img/S220-01-t10_01.jpg,185.33,216.284,293.41,224.495,240.168,278.299
219,img/S220-02-t10_01.jpg,168.212,296.539,273.803,277.159,230.095,354.816
220,img/S221-01-t10_01.jpg,145.272,282.207,274.506,270.424,214.15,357.014
221,img/S222-01-t10_01.jpg,149.564,256.272,253.753,247.186,208.59,323.924
221,img/S222-02-t10_01.jpg,182.926,267.348,271.296,259.559,231.017,324.452
222,img/S223-01-t10_01.jpg,302.702,444.22,473.531,439.196,393.411,550.955
222,img/S223-02-t10_01.jpg,380.089,435.669,500.537,455.103,436.461,521.243
222,img/S223-03-t10_01.jpg,358.017,349.751,508.127,343.604,436.783,445.762
223,img/S224-01-t10_01.jpg,188.925,250.876,298.658,259.052,238.576,312.829
224,img/S225-01-t10_01.jpg,124.67,235.878,235.868,241.985,162.32,304.473
224,img/S225-02-t10_01.jpg,226.837,315.418,341.776,317.554,288.06,370.111
225,img/S226-01-t10_01.jpg,97.1205,239.235,201.385,229.335,137.71,311.999
225,img/S226-02-t10_01.jpg,84.6509,222.755,202.597,226.865,124.489,304.113
226,img/S227-01-t10_01.jpg,168.606,211.909,255.014,204.95,214.195,255.8
226,img/S227-02-t10_01.jpg,196.236,296.399,301.646,284.193,255.31,341.411
227,img/S228-01-t10_01.jpg,296.015,438.152,514.389,438.589,390.258,566.601
227,img/S228-02-t10_01.jpg,338.554,358.248,461.014,321.771,403.532,403.69
227,img/S228-03-t10_01.jpg,305.61,344.411,482.543,340.252,379.815,446.142
228,img/S229-01-t10_01.jpg,290.262,379.739,512.632,391.475,387.44,504.824
229,img/S230-01-t10_01.jpg,133.144,233.146,239.187,220.124,175.825,299.092
230,img/S231-01-t10_01.jpg,302.204,507.884,478.678,480.231,395.587,600.773
231,img/S232-01-t10_01.jpg,152.069,197.831,252.921,221.75,194.589,264.908
231,img/S232-02-t10_01.jpg,192.67,178.868,299.749,186.585,245.043,244.073
232,img/S233-01-t10_01.jpg,322.898,404.648,496.966,401.392,409.788,492.638
233,img/S234-01-t10_01.jpg,142.096,252.079,246.244,244.147,191.241,316.711
234,img/S235-01-t10_01.jpg,102.71,105.146,141.309,103.328,123.094,129.458
235,img/S236-01-t10_01.jpg,,,,,,
235,img/S236-02-t10_01.jpg,125.995,98.2801,163.409,95.85,146.31,125.914
236,img/S237-01-t10_01.jpg,36.0603,105.994,113.64,109.835,71.504,154.456
237,img/S238-01-t10_01.jpg,183.942,237.138,276.355,244.957,226.344,309.993
238,img/S239-01-t10_01.jpg,150.954,256.605,233.016,262.074,190.268,319.157
238,img/S239-02-t10_01.jpg,138.014,246.896,227.928,244.881,189.095,304.424
239,img/S240-01-t10_01.jpg,186.448,210.601,253.683,221.199,214.791,260.546
239,img/S240-02-t10_01.jpg,185.388,157.779,252.083,156.206,219.019,206.389
240,img/S241-01-t10_01.jpg,175.67,262.612,273.386,266.899,224.058,325.283
241,img/S242-01-t10_01.jpg,105.337,223.065,212.208,207.108,166.025,274.994
242,img/S243-01-t10_01.jpg,154.213,211.417,281.204,217.29,209.245,295.725
242,img/S243-02-t10_01.jpg,212.178,281.471,311.477,282.94,262.034,335.519
242,img/S243-03-t10_01.jpg,171.329,275.079,300.995,289.797,221.84,363.666
242,img/S243-04-t10_01.jpg,215.96,237.174,341.076,239.535,283.499,306.864
242,img/S243-05-t10_01.jpg,185.396,269.421,308.921,262.875,253.809,331.738
242,img/S243-06-t10_01.jpg,183.069,227.773,303.921,231.526,245.659,294.751
242,img/S243-07-t10_01.jpg,154.191,251.99,281.365,252.812,208.324,324.364
242,img/S243-08-t10_01.jpg,174.759,205.9,304.277,231.83,221.34,280.565
242,img/S243-09-t10_01.jpg,171.715,263.995,272.708,272.624,214.986,322.548
243,img/S244-01-t10_01.jpg,199.424,288.738,295.71,287.661,244.967,348.86
244,img/S245-01-t10_01.jpg,,,,,,
245,img/S246-01-t10_01.jpg,136.135,167.37,240.499,169.454,189.978,231.562
246,img/S247-01-t10_01.jpg,134.909,265.964,236.502,257.091,188.945,333.126
247,img/S248-01-t10_01.jpg,115.673,193.289,222.852,205.62,160.529,261.894
248,img/S249-01-t10_01.jpg,157.044,233.677,280.437,235.441,213.394,297.184
248,img/S249-02-t10_01.jpg,184.879,187.745,292.264,177.117,248.854,239.091
249,img/S250-01-t10_01.jpg,91.9612,96.7332,141.406,93.4252,115.134,123.944
249,img/S250-02-t10_01.jpg,385.397,456.023,551.254,442.176,480.888,558.748
250,img/S251-01-t10_01.jpg,138.247,301.78,229.13,295.393,187.632,355.42
251,img/S252-01-t10_01.jpg,203.68,215.678,309.384,208.127,266.771,289.589
252,img/S253-01-t10_01.jpg,179.232,253.006,313.123,247.681,251.093,319.572
252,img/S253-02-t10_01.jpg,206.922,294.871,304.992,287.532,260.473,347.14
252,img/S253-03-t10_01.jpg,133.042,213.052,235.625,205.306,185.881,268.488
252,img/S253-04-t10_01.jpg,198.56,284.424,307.625,276.082,259.196,336.833
253,img/S254-01-t10_01.jpg,171.692,239.357,297.041,235.046,229.846,310.549
253,img/S254-02-t10_01.jpg,197.187,275.454,298.818,277.92,245.963,344.225
253,img/S254-03-t10_01.jpg,187.794,291.778,281.179,281.251,237.851,344.555
254,img/S255-01-t10_01.jpg,94.297,196.186,176.349,162.854,144.715,245.046
255,img/S256-01-t10_01.jpg,220.457,246.677,314.208,253.116,265.344,301.847
255,img/S256-02-t10_01.jpg,206.54,261.866,338.989,285.496,265.021,345.926
256,img/S257-01-t10_01.jpg,181.176,282.123,296.417,285.075,237.279,356.871
257,img/S258-01-t10_01.jpg,125.2,80.2429,161.56,80.013,142.695,102.048
257,img/S258-02-t10_01.jpg,104.264,46.2394,132.37,44.8677,118.224,64.2938
258,img/S259-01-t10_01.jpg,133.81,72.1817,173.608,66.9367,155.618,94.6962
258,img/S259-02-t10_01.jpg,439.417,332.468,575.852,336.347,509.55,416.773
259,img/S260-01-t10_01.jpg,94.9984,74.7932,138.184,78.775,114.905,102.837
260,img/S261-01-t10_01.jpg,318.137,545.727,490.999,542.917,402.631,633.707
260,img/S261-02-t10_01.jpg,220.766,295.14,335.439,285.694,282.557,356.467
261,img/S262-01-t10_01.jpg,,,,,,
262,img/S263-01-t10_01.jpg,411.522,494.71,541.935,482.391,482.099,568.01
262,img/S263-01-t10_02.jpg,,,,,,
263,img/S264-01-t10_01.jpg,121.444,211.897,227.878,208.629,175.203,277.268
264,img/S265-01-t10_01.jpg,345.365,561.494,477.718,572.664,405.969,639.71
265,img/S266-01-t10_01.jpg,108.57,104.095,156.893,118.423,124.665,143.279
266,img/S267-01-t10_01.jpg,136.658,27.9772,169.585,29.7527,153.843,53.0573
267,img/S268-01-t10_01.jpg,688.413,355.617,852.288,367.535,769.509,453.835
268,img/S269-01-t10_01.jpg,160.075,232.147,238.271,236.589,191.154,273.549
269,img/S270-01-t10_01.jpg,365.032,460.911,466.805,461.74,415.571,525.935
269,img/S270-01-t10_02.jpg,,,,,,
270,img/S271-01-t10_01.jpg,191.686,259.737,298.464,252.21,249.032,329.855
271,img/S272-01-t10_01.jpg,88.6256,112.065,148.463,105.045,121.623,151.968
271,img/S272-02-t10_01.jpg,357.623,336.79,516.448,338.112,440.048,437.826
271,img/S272-02-t10_02.jpg,,,,,,
272,img/S273-01-t10_01.jpg,200.983,243.381,335.47,247.644,269.533,332.454
272,img/S273-02-t10_01.jpg,211.473,301.263,350.665,321.027,285.297,400.017
272,img/S273-03-t10_01.jpg,198.521,216.812,315.101,223.948,253.54,277.216
272,img/S273-04-t10_01.jpg,226.748,303.99,344.974,343.57,264.844,390.484
272,img/S273-05-t10_01.jpg,169.44,296.525,275.848,309.805,214.722,371.956
273,img/S274-01-t10_01.jpg,191.107,295.038,281.33,295.397,236.093,355.977
274,img/S275-01-t10_01.jpg,385.291,556.651,570.597,554.615,478.829,656.958
275,img/S276-01-t10_01.jpg,164.845,171.005,299.745,175.73,233.035,249.416
276,img/S277-01-t10_01.jpg,197.799,284.163,326.657,298.928,257.545,372.498
277,img/S278-01-t10_01.jpg,172.184,300.804,297.302,300.086,237.842,379.837
278,img/S279-01-t10_01.jpg,80.5982,114.815,145.526,108.77,113.923,159.053
279,img/S280-01-t10_01.jpg,158.287,250.845,276.082,251.307,214.305,313.332
279,img/S280-02-t10_01.jpg,194.354,280.784,294.944,283.407,238.63,335.103
279,img/S280-03-t10_01.jpg,177.242,291.546,283.603,295.97,223.338,350.846
279,img/S280-04-t10_01.jpg,177.27,235.509,301.232,255.977,224.612,308.335
279,img/S280-05-t10_01.jpg,149.892,252.014,296.488,261.997,216.352,325.57
279,img/S280-06-t10_01.jpg,195.53,288.721,313.879,290.561,256.45,337.117
279,img/S280-07-t10_01.jpg,141.854,226.549,298.339,230.508,216.423,296.5
279,img/S280-08-t10_01.jpg,136.945,278.452,253.736,259.682,191.016,344.708
279,img/S280-09-t10_01.jpg,198.999,272.968,316.98,265.894,261.323,332.995
279,img/S280-10-t10_01.jpg,184.133,267.033,327.11,293.3,246.048,350.212
280,img/S281-01-t10_01.jpg,228.516,259.436,301.509,260.092,260.905,306.922
281,img/S282-01-t10_01.jpg,203.808,265.133,318.743,255.79,262.244,312.9
281,img/S282-02-t10_01.jpg,213.015,285.504,332.742,296.744,267.374,367.696
281,img/S282-03-t10_01.jpg,173.613,261.87,321.287,262.76,244.21,349.204
282,img/S283-01-t10_01.jpg,310.439,656.321,439.626,656.713,375.629,729.533
282,img/S283-02-t10_01.jpg,333.322,308.842,470.774,287.894,411.18,378.165
283,img/S284-01-t10_01.jpg,326.846,410.069,509.256,405.291,424.033,518.394
283,img/S284-01-t10_02.jpg,,,,,,
283,img/S284-02-t10_01.jpg,341.085,461.027,539.763,444.062,448.239,573.626
283,img/S284-02-t10_02.jpg,,,,,,
284,img/S285-01-t10_01.jpg,444.133,403.978,557.677,403.757,495.053,473.011
284,img/S285-01-t10_02.jpg,,,,,,
285,img/S286-01-t10_01.jpg,102.942,98.3953,161.74,100.378,132.669,136.665
286,img/S287-01-t10_01.jpg,170.633,234.458,288.247,236.927,234.846,301.895
287,img/S288-01-t10_01.jpg,180.585,225.438,301.343,222.538,245.864,295.601
287,img/S288-02-t10_01.jpg,198.135,319.194,315.983,338.598,250.011,386.475
287,img/S288-03-t10_01.jpg,209.348,229.8,326.717,250.152,263.347,314.916
287,img/S288-04-t10_01.jpg,127.356,222.737,243.458,219.466,181.913,281.751
287,img/S288-05-t10_01.jpg,149.834,316.449,276.005,311.888,210.669,379.271
288,img/S289-01-t10_01.jpg,245.538,360.415,386.626,334.092,334.672,434.774
289,img/S290-01-t10_01.jpg,101.452,118.36,137.783,108.566,126.028,136.184
290,img/S291-01-t10_01.jpg,361.114,518.379,548.336,512.818,462.404,624.817
290,img/S291-02-t10_01.jpg,293.018,471.204,507.897,466.301,398.605,575.207
291,img/S292-01-t10_01.jpg,207.855,239.118,300.406,247.981,248.622,301.021
292,img/S293-01-t10_01.jpg,69.4631,123.528,116.433,117.077,97.1542,147.458
293,img/S294-01-t10_01.jpg,54.0753,70.0639,78.3923,78.773,61.5048,90.1965
294,img/S295-01-t10_01.jpg,306.933,343.652,469.335,350.953,385.881,454.544
294,img/S295-01-t10_02.jpg,,,,,,
295,img/S296-01-t10_01.jpg,214.933,219.648,314.117,223.984,261.376,279.418
295,img/S296-02-t10_01.jpg,166.03,198.905,281.68,205.083,223.439,269.937
295,img/S296-03-t10_01.jpg,124.245,251.655,262.642,262.874,182.067,346.528
295,img/S296-04-t10_01.jpg,182.78,272.542,299.675,270.892,239.444,345.391
295,img/S296-05-t10_01.jpg,187.958,220.822,307.382,226.731,247.285,300.076
295,img/S296-06-t10_01.jpg,197.132,259.872,308.713,272.281,246.579,338.742
295,img/S296-07-t10_01.jpg,203.56,241.454,322.814,245.553,260.806,321.009
295,img/S296-08-t10_01.jpg,161.137,235.34,276.092,237.742,210.449,315.655
295,img/S296-09-t10_01.jpg,181.567,247.384,317.026,266.356,242.83,338.721
295,img/S296-10-t10_01.jpg,200.916,309.583,326.637,311.875,253.523,389.341
296,img/S297-01-t10_01.jpg,117.585,239.422,234.236,244.754,176.12,322.571
296,img/S297-02-t10_01.jpg,161.021,197.004,262.651,204.308,212.96,246.455
297,img/S298-01-t10_01.jpg,195.839,228.416,291.575,239.679,239.259,299.968
298,img/S299-01-t10_01.jpg,149.7,220.129,221.081,219.659,181.339,259.366
299,img/S300-01-t10_01.jpg,106.932,157.036,212.695,168.909,154.186,238.452
299,img/S300-02-t10_01.jpg,164.559,218.4,267.646,228.308,203.904,298.064
300,img/S301-01-t10_01.jpg,167.199,204.539,259.747,219.887,206.615,259.591
301,img/S302-01-t10_01.jpg,86.9147,105.462,148.833,108.967,118.031,151.801
302,img/S303-01-t10_01.jpg,270.857,413.246,484.832,420.257,370.201,543.493
303,img/S304-01-t10_01.jpg,132.101,210.859,211.156,223.14,165.865,263.032
303,img/S304-02-t10_01.jpg,155.643,186.082,244.661,178.215,206.649,224.431
303,img/S304-03-t10_01.jpg,142.877,152.468,238.096,147.873,189.39,197.406
304,img/S305-01-t10_01.jpg,151.094,295.661,263.515,282.013,205.04,365.595
305,img/S306-01-t10_01.jpg,538.96,491.082,714.028,499.882,650.083,620.616
306,img/S307-01-t10_01.jpg,322.467,502.135,483.352,501.891,403.923,586.435
306,img/S307-01-t10_02.jpg,,,,,,
307,img/S308-01-t10_01.jpg,300.888,376.85,460.181,390.752,374.652,484.194
308,img/S309-01-t10_01.jpg,174.4,238.273,299.692,233.383,238.685,329.75
308,img/S309-02-t10_01.jpg,209.59,176.559,289.805,174.7,252.372,221.899
308,img/S309-03-t10_01.jpg,219.923,331.987,328.854,329.14,280.808,403.66
308,img/S309-04-t10_01.jpg,200.579,285.851,297.058,283.449,251.757,350.349
308,img/S309-05-t10_01.jpg,150.231,266.825,258.733,257.958,211.873,331.344
309,img/S310-01-t10_01.jpg,136.739,242.947,239.436,237.572,174.982,307.467
309,img/S310-02-t10_01.jpg,120.517,265.622,280.625,243.377,206.286,349.473
309,img/S310-03-t10_01.jpg,190.318,267.386,265.347,280.019,221.303,319.791
309,img/S310-04-t10_01.jpg,171.741,350.581,245.492,333.317,212.61,372.196
310,img/S311-01-t10_01.jpg,147.155,193.476,246.188,197.093,191.735,256.822
311,img/S312-01-t10_01.jpg,93.9002,87.0222,133.845,85.5406,113.662,112.773
312,img/S313-01-t10_01.jpg,160.236,253.717,259.249,244.031,202.471,326.315
312,img/S313-02-t10_01.jpg,176.369,303.695,241.678,301.73,201.48,349.453
313,img/S314-01-t10_01.jpg,91.019,77.1534,123.005,78.7793,106.867,96.0798
314,img/S315-01-t10_01.jpg,324.939,437.151,473.922,429.617,394.182,522.546
314,img/S315-01-t10_02.jpg,,,,,,
314,img/S315-02-t10_01.jpg,343.169,299.578,469.48,284.578,408.216,369.401
314,img/S315-02-t10_02.jpg,,,,,,
315,img/S316-01-t10_01.jpg,178.5,254.938,336.962,253.85,276.927,359.425
315,img/S316-02-t10_01.jpg,176.837,258.908,268.419,246.137,211.203,309.453
315,img/S316-03-t10_01.jpg,192.875,248.095,287.721,265.72,233.869,313.487
315,img/S316-04-t10_01.jpg,187.565,304.575,281.45,304.577,229.514,359.409
315,img/S316-05-t10_01.jpg,209.924,273.051,333.322,269.063,270.683,348.653
315,img/S316-06-t10_01.jpg,211.403,261.718,308.263,262.636,253.714,323.358
315,img/S316-07-t10_01.jpg,204.168,226.979,325.524,223.242,265.82,297.468
315,img/S316-08-t10_01.jpg,215.439,246.152,318.622,242.263,263.848,306.671
316,img/S317-01-t10_01.jpg,125.889,204.971,232.473,205.109,182.283,274.976
317,img/S318-01-t10_01.jpg,164.255,193.454,256.706,186.191,212.014,231.302
318,img/S319-01-t10_01.jpg,167.739,291.318,294.383,275.844,240.748,354.838
319,img/S320-01-t10_01.jpg,110.905,240.889,224.471,247.593,161.055,310.262
320,img/S321-01-t10_01.jpg,157.032,255.466,261.603,238.291,207.652,319.772
320,img/S321-02-t10_01.jpg,328.774,471.225,538.022,476.463,435.87,583.955
320,img/S321-03-t10_01.jpg,367.992,415.748,508.799,414.84,448.186,498.587
320,img/S321-03-t10_02.jpg,,,,,,
321,img/S322-01-t10_01.jpg,153.973,250.435,229.73,252.679,192.505,304.762
322,img/S323-01-t10_01.jpg,169.623,260.302,284.639,258.776,223.457,338.015
323,img/S324-01-t10_01.jpg,316.192,566.238,507.516,566.953,411.226,666.999
323,img/S324-02-t10_01.jpg,296.021,539.974,493.907,528.243,401.735,639.706
324,img/S325-01-t10_01.jpg,324.185,421.38,479.129,411.325,403.316,520.667
324,img/S325-01-t10_02.jpg,,,,,,
325,img/S326-01-t10_01.jpg,182.303,247.415,310.988,241.395,259.045,310.62
326,img/S327-01-t10_01.jpg,220.455,282.823,309.184,287.173,264.874,331.78
327,img/S328-01-t10_01.jpg,127.029,122.852,160.671,123.573,143.796,142.126
328,img/S329-01-t10_01.jpg,137.963,190.812,232.037,185.874,186.564,252.473
329,img/S330-01-t10_01.jpg,337.016,437.689,514.205,411.321,435.077,543.04
330,img/S331-01-t10_01.jpg,219.382,252.33,334.215,252.751,273.533,331.775
330,img/S331-02-t10_01.jpg,192.015,277.745,305.325,278.234,250.216,342.591
331,img/S332-01-t10_01.jpg,206.446,265.729,308.751,288.847,247.783,342.883
332,img/S333-01-t10_01.jpg,180.351,255.741,294.008,251.142,237.92,315.604
332,img/S333-02-t10_01.jpg,198.472,237.699,332.549,247.728,270.464,307.171
333,img/S334-01-t10_01.jpg,339.926,618.843,463.049,606.397,408.651,669.566
334,img/S335-01-t10_01.jpg,74.5217,102.205,136.723,95.2429,106.362,143.736
334,img/S335-02-t10_01.jpg,95.6581,40.9996,149.171,38.5302,124.506,77.6982
335,img/S336-01-t10_01.jpg,127.703,232.268,223.604,231.688,173.795,293.295
335,img/S336-02-t10_01.jpg,102.395,251.243,178.783,253.465,129.992,319.266
336,img/S337-01-t10_01.jpg,178.832,265.481,271.673,260.529,231.564,313.037
337,img/S338-01-t10_01.jpg,92.832,117.832,172.359,126.213,125.457,172.44
338,img/S339-01-t10_01.jpg,68.2599,102.84,133.027,97.0979,105.494,143.834
339,img/S340-01-t10_01.jpg,181.144,272.207,265.914,272.075,221.364,322.606
340,img/S341-01-t10_01.jpg,178.597,258.759,290.905,248.149,234.998,326.645
340,img/S341-02-t10_01.jpg,181.753,300.257,304.408,293.77,247.57,377.415
341,img/S342-01-t10_01.jpg,108.865,190.474,218.986,181.353,167.907,245.473
342,img/S343-01-t10_01.jpg,132.645,170.073,213.352,178.191,163.707,208.551
343,img/S344-01-t10_01.jpg,71.0773,128.11,160.948,129.438,113.323,179.021
344,img/S345-01-t10_01.jpg,183.724,213.589,287.53,209.558,238.834,276.098
345,img/S346-01-t10_01.jpg,91.1021,191.8,188.998,183.836,135.775,267.243
345,img/S346-02-t10_01.jpg,153.773,206.681,232.146,197.631,197.565,251.161
345,img/S346-03-t10_01.jpg,146.659,176.674,262.595,181.926,199.019,246.84
346,img/S347-01-t10_01.jpg,124.904,196.701,216.545,199.557,166.194,251.74
347,img/S348-01-t10_01.jpg,116.571,103.675,168.364,103.956,142.665,138.724
348,img/S349-01-t10_01.jpg,140.451,191.419,216.769,192.053,171.699,229.022
349,img/S350-01-t10_01.jpg,144.656,294.525,279.488,272.809,212.667,339.696
349,img/S350-02-t10_01.jpg,211.977,279.372,295.161,268.333,253.069,311.777
350,img/S351-01-t10_01.jpg,190.325,255.07,310.706,258.919,248.861,331.425
350,img/S351-02-t10_01.jpg,183.426,279.016,295.522,278.546,235.417,352.042
351,img/S352-01-t10_01.jpg,194.508,304.346,344.051,304.531,280.038,389.026
351,img/S352-02-t10_01.jpg,157.539,281.95,270.821,289.498,212.116,348.701
351,img/S352-03-t10_01.jpg,161.834,264.844,285.578,266.461,223.325,336.703
351,img/S352-04-t10_01.jpg,140.12,229.408,253.787,224.738,195.928,297.489
352,img/S353-01-t10_01.jpg,185.833,385.557,287.858,378.984,240.898,441.16
352,img/S353-02-t10_01.jpg,173.611,255.294,293.766,249.502,234.954,318.993
352,img/S353-03-t10_01.jpg,196.612,246.879,311.674,236.696,262.2,310.523
352,img/S353-04-t10_01.jpg,188.24,291.438,279.896,290.8,233.25,348.376
352,img/S353-05-t10_01.jpg,154.729,233.679,259.395,228.725,210.101,289.245
352,img/S353-06-t10_01.jpg,234.403,355.09,315.464,361.038,271.977,401.641
352,img/S353-07-t10_01.jpg,209.046,309.516,296.613,298.385,259.275,348.612
352,img/S353-08-t10_01.jpg,192.588,272.009,282.916,270.464,241.359,325.008
353,img/S354-01-t10_01.jpg,223.484,246.325,317.153,250.142,274.439,305.555
353,img/S354-02-t10_01.jpg,240.294,258.971,320.439,263.226,281.184,313.354
353,img/S354-03-t10_01.jpg,194.822,308.865,290.035,309.954,245.434,369.08
353,img/S354-04-t10_01.jpg,199.834,274.113,297.247,275.357,248.817,338.634
354,img/S355-01-t10_01.jpg,149.933,259.4,247.85,250.419,203.521,318.833
354,img/S355-02-t10_01.jpg,89.8706,211.647,168.266,209.484,128.585,266.917
355,img/S356-01-t10_01.jpg,124.72,346.073,242.359,318.258,196.964,413.307
356,img/S357-01-t10_01.jpg,88.3144,108.622,147.2,115.457,115.064,148.564
356,img/S357-02-t10_01.jpg,150.687,94.1178,189.473,90.3569,171.123,117.741
357,img/S358-01-t10_01.jpg,173.249,278.052,279.837,266.709,229.873,330.037
358,img/S359-01-t10_01.jpg,199.327,293.211,301.029,297.689,252.722,357.087
359,img/S360-01-t10_01.jpg,64.695,103.121,96.2717,103.173,80.5807,121.351
360,img/S361-01-t10_01.jpg,121.503,79.6641,156.457,86.2302,135.005,105.855
361,img/S362-01-t10_01.jpg,128.876,82.2922,187.177,64.0413,169.641,104.715
362,img/S363-01-t10_01.jpg,198.462,278.474,315.345,274.588,256.036,352.897
363,img/S364-01-t10_01.jpg,177.802,281.218,301.152,283.981,240.841,365.978
363,img/S364-02-t10_01.jpg,116.949,231.108,214.136,236.275,162.74,308.639
364,img/S365-01-t10_01.jpg,134.497,208.051,234.062,194.502,188.85,257.16
365,img/S366-01-t10_01.jpg,131.683,230.31,229.229,240.961,174.021,285.655
366,img/S367-01-t10_01.jpg,178.677,246.455,293.093,253.337,236.208,319.213
366,img/S367-02-t10_01.jpg,181.006,244.721,284.273,243.924,230.073,308.277
367,img/S368-01-t10_01.jpg,154.011,278.322,286.761,248.555,237.463,358.933
368,img/S369-01-t10_01.jpg,184.506,269.127,302.916,259.143,257.919,355.737
369,img/S370-01-t10_01.jpg,373.541,302.906,498.571,312.289,431.084,370.939
370,img/S371-01-t10_01.jpg,180.895,270.403,273.789,263.825,230.464,328.5
371,img/S372-01-t10_01.jpg,207.147,274.131,311.327,271.998,267.676,324.499
372,img/S373-01-t10_01.jpg,177.609,334.253,249.575,343.639,208.123,382.858
372,img/S373-02-t10_01.jpg,140.689,303.337,297.409,285.052,220.39,386.767
372,img/S373-03-t10_01.jpg,117.756,302.812,215.237,297.547,160.447,367.831
372,img/S373-04-t10_01.jpg,215.853,286.131,340.218,278.488,277.127,355.914
372,img/S373-05-t10_01.jpg,197.838,284.504,283.735,276.99,245.024,333.274
372,img/S373-06-t10_01.jpg,213.856,265.006,308.922,260.441,260.48,331.58
373,img/S374-01-t10_01.jpg,191.677,280.122,296.173,288.15,237.221,344.926
374,img/S375-01-t10_01.jpg,168.523,269.03,304.271,258.926,240.182,335.936
374,img/S375-02-t10_01.jpg,165.517,262.369,297.921,259.274,236.973,337.473
375,img/S376-01-t10_01.jpg,134.006,229.559,223.403,225.703,175.286,281.858
375,img/S376-02-t10_01.jpg,83.7943,240.009,204.066,235.828,134.262,305.768
375,img/S376-03-t10_01.jpg,95.1232,240.922,197.434,242.223,142.79,297.375
376,img/S377-01-t10_01.jpg,601.921,516.146,843.148,529.096,723.031,679.885
377,img/S378-01-t10_01.jpg,183.661,270.65,297.109,280.474,235.255,345.121
378,img/S379-01-t10_01.jpg,160.043,194.874,238.088,192.656,196.899,241.207
379,img/S380-01-t10_01.jpg,220.687,260.445,340.943,270.301,280.304,332.667
379,img/S380-02-t10_01.jpg,194.598,169.057,280.059,172.18,236.86,215.069
379,img/S380-03-t10_01.jpg,227.675,235.559,333.387,237.104,268.969,312.469
379,img/S380-04-t10_01.jpg,207.56,298.956,337.901,305.532,265.834,388.123
379,img/S380-05-t10_01.jpg,192.485,253.924,284.179,250.221,241.628,303.894
379,img/S380-06-t10_01.jpg,187.282,263.389,304.985,278.621,220.055,342.772
379,img/S380-07-t10_01.jpg,204.321,314.112,300.924,321.156,242.627,367.692